"Time (EpSec)","Range (km)"
10321.545,1413.368655
10331.000,1359.655230
10341.000,1304.148294
10351.000,1250.163868
10361.000,1197.914407
10371.000,1147.643310
10381.000,1099.628123
10391.000,1054.183065
10401.000,1011.660172
10411.000,972.448127
10421.000,936.967571
10431.000,905.661594
10441.000,878.980276
10451.000,857.358851
10461.000,841.190340
10471.000,830.795288
10481.000,826.393044
10491.000,828.079959
10501.000,835.819258
10511.000,849.444941
10521.000,868.678856
10531.000,893.156954
10541.000,922.459498
10551.000,956.140170
10561.000,993.750594
10571.000,1034.858672
10581.000,1079.060628
10591.000,1125.987742
10601.000,1175.308918
10611.000,1226.730454
10621.000,1279.994038
10631.000,1334.873778
10641.000,1391.172832
10643.020,1402.699204
51092.176,1402.508542
51102.000,1354.490496
51112.000,1307.549656
51122.000,1262.784324
51132.000,1220.438455
51142.000,1180.776615
51152.000,1144.081863
51162.000,1110.651835
51172.000,1080.792612
51182.000,1054.810130
51192.000,1032.999144
51202.000,1015.630090
51212.000,1002.934923
51222.000,995.093140
51232.000,992.219864
51242.000,994.357654
51252.000,1001.473365
51262.000,1013.460574
51272.000,1030.147116
51282.000,1051.306687
51292.000,1076.672575
51302.000,1105.951952
51312.000,1138.839193
51322.000,1175.027234
51332.000,1214.216499
51342.000,1256.121350
51352.000,1300.474289
51362.000,1347.028241
51372.000,1395.557506
51375.332,1412.127986
95181.346,1412.601532
95191.000,1360.952459
95201.000,1309.003865
95211.000,1258.837015
95221.000,1210.679865
95231.000,1164.787943
95241.000,1121.445361
95251.000,1080.964522
95261.000,1043.683850
95271.000,1009.962805
95281.000,980.173449
95291.000,954.688039
95301.000,933.862685
95311.000,918.017687
95321.000,907.416522
95331.000,902.245995
95341.000,902.600768
95351.000,908.475072
95361.000,919.763277
95371.000,936.269084
95381.000,957.721706
95391.000,983.795992
95401.000,1014.133434
95411.000,1048.361444
95421.000,1086.109282
95431.000,1127.019986
95441.000,1170.758328
95451.000,1217.015465
95461.000,1265.510928
95471.000,1315.992734
95481.000,1368.236261
95487.351,1402.236431
135921.450,1402.377344
135931.000,1347.734061
135941.000,1291.806297
135951.000,1237.377919
135961.000,1184.661774
135971.000,1133.902645
135981.000,1085.380838
135991.000,1039.415143
136001.000,996.364484
136011.000,956.627214
136021.000,920.636776
136031.000,888.852248
136041.000,861.742438
136051.000,839.762923
136061.000,823.326763
136071.000,812.771751
136081.000,808.329043
136091.000,810.099252
136101.000,818.041407
136111.000,831.977468
136121.000,851.611299
136131.000,876.557602
136141.000,906.374791
136151.000,940.596225
136161.000,978.756079
136171.000,1020.408256
136181.000,1065.138441
136191.000,1112.570465
136201.000,1162.368366
136211.000,1214.235610
136221.000,1267.912578
136231.000,1323.173174
136241.000,1379.821114
136246.800,1413.243578
180094.300,1410.170117
180104.000,1381.966766
180114.000,1355.834139
180124.000,1332.868092
180134.000,1313.238226
180144.000,1297.099103
180154.000,1284.584996
180164.000,1275.804874
180174.000,1270.838009
180184.000,1269.730591
180194.000,1272.493750
180204.000,1279.102986
180214.000,1289.499334
180224.000,1303.591945
180234.000,1321.261899
180244.000,1342.366892
180254.000,1366.746382
180264.000,1394.226825
180267.392,1404.220581
220798.303,1404.031267
220808.000,1355.891083
220818.000,1308.157401
220828.000,1262.590098
220838.000,1219.437497
220848.000,1178.969928
220858.000,1141.477824
220868.000,1107.267941
220878.000,1076.657266
220888.000,1049.964277
220898.000,1027.497501
220908.000,1009.541820
220918.000,996.343273
220928.000,988.094084
220938.000,984.919625
220948.000,986.869299
220958.000,993.912807
220968.000,1005.942441
220978.000,1022.781055
220988.000,1044.194255
220998.000,1069.905160
221008.000,1099.609646
221018.000,1132.990528
221028.000,1169.729602
221038.000,1209.517036
221048.000,1252.058082
221058.000,1297.077366
221068.000,1344.321217
221078.000,1393.558442
221081.911,1413.309476
270885.365,1413.192722
270895.000,1367.958222
270905.000,1323.093381
270915.000,1280.577711
270925.000,1240.657632
270935.000,1203.596006
270945.000,1169.668800
270955.000,1139.159939
270965.000,1112.354149
270975.000,1089.527759
270985.000,1070.937762
270995.000,1056.809722
271005.000,1047.325707
271015.000,1042.613391
271025.000,1042.737861
271035.000,1047.697243
271045.000,1057.422826
271055.000,1071.783677
271065.000,1090.594972
271075.000,1113.629040
271085.000,1140.627462
271095.000,1171.313103
271105.000,1205.400982
271115.000,1242.607363
271125.000,1282.656803
271135.000,1325.287193
271145.000,1370.253009
271152.316,1404.497243
305757.915,1408.488049
305767.000,1395.909638
305777.000,1385.405626
305787.000,1378.481935
305797.000,1375.193774
305807.000,1375.567931
305817.000,1379.601728
305827.000,1387.263134
305837.000,1398.492013
305845.820,1411.289341
311723.045,1405.215130
311733.000,1387.100784
311743.000,1372.230889
311753.000,1360.805350
311763.000,1352.911795
311773.000,1348.612204
311783.000,1347.940529
311793.000,1350.901346
311803.000,1357.469656
311813.000,1367.591884
311823.000,1381.187878
311833.000,1398.153972
311838.652,1409.187732
355713.759,1413.322933
355723.000,1360.416949
355733.000,1304.411127
355743.000,1249.878875
355753.000,1197.028317
355763.000,1146.098653
355773.000,1097.363683
355783.000,1051.134778
355793.000,1007.762652
355803.000,967.636964
355813.000,931.182534
355823.000,898.850765
355833.000,871.104942
355843.000,848.398681
355853.000,831.148076
355863.000,819.699967
355873.000,814.300764
355883.000,815.071641
355893.000,821.995509
355903.000,834.918887
355913.000,853.568258
355923.000,877.576980
355933.000,906.517096
355943.000,939.930459
355953.000,977.355166
355963.000,1018.345423
355973.000,1062.484608
355983.000,1109.392581
355993.000,1158.728480
356003.000,1210.190489
356013.000,1263.513702
356023.000,1318.466961
356033.000,1374.849276
356037.830,1402.540152
396479.162,1402.363116
396489.000,1352.148597
396499.000,1302.893832
396509.000,1255.653494
396519.000,1210.668316
396529.000,1168.203459
396539.000,1128.547745
396549.000,1092.011173
396559.000,1058.920181
396569.000,1029.610126
396579.000,1004.414676
396589.000,983.652175
396599.000,967.609582
396609.000,956.525434
396619.000,950.573639
396629.000,949.850541
396639.000,954.367306
396649.000,964.049016
396659.000,978.740559
396669.000,998.218426
396679.000,1022.206222
396689.000,1050.391738
396699.000,1082.443428
396709.000,1118.024775
396719.000,1156.805730
396729.000,1198.471038
396739.000,1242.725627
396749.000,1289.297687
396759.000,1337.939801
396769.000,1388.428791
396773.626,1412.352705
440578.497,1412.403749
440588.000,1363.140648
440598.000,1312.962526
440608.000,1264.696377
440618.000,1218.575666
440628.000,1174.859105
440638.000,1133.830571
440648.000,1095.797495
440658.000,1061.087148
440668.000,1030.040233
440678.000,1003.001324
440688.000,980.305972
440698.000,962.264945
440708.000,949.146495
440718.000,941.158754
440728.000,938.434427
440738.000,941.020322
440748.000,948.873517
440758.000,961.864946
440768.000,979.789588
440778.000,1002.381654
440788.000,1029.332180
440798.000,1060.306717
440808.000,1094.961230
440818.000,1132.955094
440828.000,1173.960767
440838.000,1217.670338
440848.000,1263.799291
440858.000,1312.088214
440868.000,1362.302926
440875.733,1402.322548
481315.237,1402.498068
481325.000,1346.751001
481335.000,1290.967342
481345.000,1236.700320
481355.000,1184.164663
481365.000,1133.607094
481375.000,1085.309824
481385.000,1039.593381
481395.000,996.818040
481405.000,957.382857
481415.000,921.720979
481425.000,890.289811
481435.000,863.554755
481445.000,841.966030
481455.000,825.929398
481465.000,815.773813
481475.000,811.720809
481485.000,813.861640
481495.000,822.147316
481505.000,836.393973
481515.000,856.302245
481525.000,881.486142
481535.000,911.505485
481545.000,945.896520
481555.000,984.197151
481565.000,1025.965319
481575.000,1070.790678
481585.000,1118.300715
481595.000,1168.162701
481605.000,1220.082867
481615.000,1273.803912
481625.000,1329.101649
481635.000,1385.781348
481639.780,1413.310413
525507.448,1409.440629
525517.000,1388.825834
525527.000,1370.403415
525537.000,1355.345410
525547.000,1343.767506
525557.000,1335.762390
525567.000,1331.396305
525577.000,1330.706463
525587.000,1333.699553
525597.000,1340.351465
525607.000,1350.608345
525617.000,1364.388657
525627.000,1381.586363
525637.000,1402.074730
525638.291,1404.951544
531518.754,1410.970900
531528.000,1401.510255
531538.000,1394.687716
531548.000,1391.459354
531558.000,1391.850189
531568.000,1395.856790
531578.000,1403.447391
531583.308,1408.913623
566198.813,1404.386335
566208.000,1360.895821
566218.000,1315.575212
566228.000,1272.583455
566238.000,1232.169509
566248.000,1194.599891
566258.000,1160.155477
566268.000,1129.126451
566278.000,1101.805137
566288.000,1078.476644
566298.000,1059.407577
566308.000,1044.833512
566318.000,1034.946133
566328.000,1029.881679
566338.000,1029.712008
566348.000,1034.439671
566358.000,1043.997739
566368.000,1058.254395
566378.000,1077.021651
566388.000,1100.066740
566398.000,1127.124922
566408.000,1157.912091
566418.000,1192.136178
566428.000,1229.506651
566438.000,1269.741838
566448.000,1312.574131
566458.000,1357.753294
566468.000,1405.048233
566469.684,1413.207047
616272.873,1413.289916
616282.000,1368.170887
616292.000,1320.595540
616302.000,1275.178248
616312.000,1232.162958
616322.000,1191.814773
616332.000,1154.418051
616342.000,1120.272717
616352.000,1089.688371
616362.000,1062.975913
616372.000,1040.436628
616382.000,1022.349062
616392.000,1008.954656
616402.000,1000.443367
616412.000,996.941142
616422.000,998.500995
616432.000,1005.099099
616442.000,1016.636560
616452.000,1032.946506
616462.000,1053.805518
616472.000,1078.947451
616482.000,1108.078018
616492.000,1140.888528
616502.000,1177.067701
616512.000,1216.311036
616522.000,1258.327631
616532.000,1302.844674
616542.000,1349.609932
616552.000,1398.392848
616553.151,1404.128359
657091.447,1404.408491
657101.000,1378.903139
657111.000,1355.235049
657121.000,1334.831295
657131.000,1317.844913
657141.000,1304.410423
657151.000,1294.638997
657161.000,1288.614145
657171.000,1286.388269
657181.000,1287.980418
657191.000,1293.375386
657201.000,1302.524450
657211.000,1315.347399
657221.000,1331.735850
657231.000,1351.557482
657241.000,1374.660817
657251.000,1400.880197
657254.231,1409.990096
701106.572,1413.260778
701116.000,1359.137281
701126.000,1302.972717
701136.000,1248.264851
701146.000,1195.220512
701156.000,1144.077710
701166.000,1095.109281
701176.000,1048.626029
701186.000,1004.978717
701196.000,964.557937
701206.000,927.790643
701216.000,895.131860
701226.000,867.050193
701236.000,844.006312
701246.000,826.424818
701256.000,814.661877
701266.000,808.973105
701276.000,809.487638
701286.000,816.194115
701296.000,828.941949
701306.000,847.457591
701316.000,871.371857
701326.000,900.252471
701336.000,933.635990
701346.000,971.054967
701356.000,1012.058317
701366.000,1056.224719
701376.000,1103.170041
701386.000,1152.550168
701396.000,1204.060713
701406.000,1257.434787
701416.000,1312.439746
701426.000,1368.873505
701431.838,1402.410999
741867.251,1402.280660
741877.000,1350.768537
741887.000,1299.570044
741897.000,1250.242171
741907.000,1203.020262
741917.000,1158.166883
741927.000,1115.972295
741937.000,1076.753401
741947.000,1040.850530
741957.000,1008.621341
741967.000,980.431208
741977.000,956.639789
741987.000,937.583959
741997.000,923.558311
742007.000,914.795057
742017.000,911.446209
742027.000,913.570916
742037.000,921.130321
742047.000,933.990883
742057.000,951.935661
742067.000,974.681240
742077.000,1001.897589
742087.000,1033.227915
742097.000,1068.306373
742107.000,1106.772322
742117.000,1148.280754
742127.000,1192.509065
742137.000,1239.160879
742147.000,1287.967466
742157.000,1338.687554
742167.000,1391.106063
742171.004,1412.527088
785976.526,1412.188907
785986.000,1364.989648
785996.000,1316.974703
786006.000,1271.025027
786016.000,1227.378599
786026.000,1186.295425
786036.000,1148.056185
786046.000,1112.959209
786056.000,1081.315311
786066.000,1053.440118
786076.000,1029.643740
786086.000,1010.217952
786096.000,995.421700
786106.000,985.466005
786116.000,980.500262
786126.000,980.601653
786136.000,985.769422
786146.000,995.924952
786156.000,1010.917622
786166.000,1030.535525
786176.000,1054.519211
786186.000,1082.576748
786196.000,1114.398221
786206.000,1149.668469
786216.000,1188.077345
786226.000,1229.327311
786236.000,1273.138543
786246.000,1319.251907
786256.000,1367.430269
786263.040,1402.471023
826709.822,1402.649360
826719.000,1350.549459
826729.000,1295.084571
826739.000,1241.162310
826749.000,1188.998784
826759.000,1138.841682
826769.000,1090.973520
826779.000,1045.714137
826789.000,1003.421733
826799.000,964.491447
826809.000,929.350224
826819.000,898.446640
826829.000,872.234563
826839.000,851.150305
826849.000,835.584254
826859.000,825.849973
826869.000,822.155433
826879.000,824.581933
826889.000,833.075427
826899.000,847.452308
826909.000,867.418248
826919.000,892.595863
826929.000,922.555611
826939.000,956.844980
826949.000,995.012604
826959.000,1036.625955
826969.000,1081.282698
826979.000,1128.616747
826989.000,1178.300345
826999.000,1230.043429
827009.000,1283.591369
827019.000,1338.721823
827029.000,1395.241270
827032.160,1413.360334
870936.423,1408.178693
870946.000,1399.986043
870956.000,1394.814145
870966.000,1393.137203
870976.000,1394.968920
870986.000,1400.296238
870993.150,1406.227807
876881.276,1411.812794
876891.000,1390.593424
876901.000,1372.055424
876911.000,1356.983163
876921.000,1345.494514
876931.000,1337.682793
876941.000,1333.613173
876951.000,1333.320053
876961.000,1336.805621
876971.000,1344.039780
876981.000,1354.961330
876991.000,1369.480534
877001.000,1387.482536
877010.501,1407.689803
911600.554,1404.781677
911610.000,1362.708014
911620.000,1320.401302
911630.000,1280.618566
911640.000,1243.606875
911650.000,1209.625102
911660.000,1178.939407
911670.000,1151.816985
911680.000,1128.518086
911690.000,1109.286514
911700.000,1094.339085
911710.000,1083.854962
911720.000,1077.965730
911730.000,1076.747618
911740.000,1080.216737
911750.000,1088.328047
911760.000,1100.978224
911770.000,1118.011971
911780.000,1139.230998
911790.000,1164.404363
911800.000,1193.279259
911810.000,1225.591125
911820.000,1261.072468
911830.000,1299.460022
911840.000,1340.500163
911850.000,1383.952672
911856.439,1413.105311
961661.300,1413.351396
961671.000,1363.460521
961681.000,1313.792075
961691.000,1266.132288
961701.000,1220.722062
961711.000,1177.826952
961721.000,1137.736503
961731.000,1100.761891
961741.000,1067.231324
961751.000,1037.482674
961761.000,1011.852995
961771.000,990.664972
961781.000,974.210840
961791.000,962.735207
961801.000,956.418563
961811.000,955.363921
961821.000,959.588716
961831.000,969.023409
961841.000,983.516991
961851.000,1002.848548
961861.000,1026.742722
961871.000,1054.886915
961881.000,1086.947996
961891.000,1122.586965
961901.000,1161.470691
961911.000,1203.280510
961921.000,1247.717820
961931.000,1294.507342
961941.000,1343.398339
961951.000,1394.164542
961952.859,1403.791600
1002466.719,1403.843851
1002476.000,1373.374932
1002486.000,1343.302747
1002496.000,1316.285052
1002506.000,1292.515614
1002516.000,1272.178335
1002526.000,1255.441429
1002536.000,1242.451391
1002546.000,1233.327171
1002556.000,1228.155059
1002566.000,1226.984677
1002576.000,1229.826694
1002586.000,1236.652244
1002596.000,1247.394308
1002606.000,1261.950839
1002616.000,1280.189291
1002626.000,1301.952134
1002636.000,1327.062828
1002646.000,1355.331828
1002656.000,1386.562144
1002663.141,1410.564087
1046499.984,1413.182173
1046509.000,1361.488428
1046519.000,1305.367083
1046529.000,1250.698566
1046539.000,1197.688655
1046549.000,1146.574065
1046559.000,1097.626048
1046569.000,1051.153509
1046579.000,1007.504971
1046589.000,967.068479
1046599.000,930.268197
1046609.000,897.556273
1046619.000,869.398606
1046629.000,846.253680
1046639.000,828.544842
1046649.000,816.628337
1046659.000,810.761460
1046669.000,811.076657
1046679.000,817.567244
1046689.000,830.088161
1046699.000,848.371577
1046709.000,872.053632
1046719.000,900.706530
1046729.000,933.870253
1046739.000,971.079696
1046749.000,1011.885154
1046759.000,1055.865914
1046769.000,1102.637867
1046779.000,1151.856528
1046789.000,1203.216890
1046799.000,1256.451308
1046809.000,1311.326321
1046819.000,1367.639028
1046825.047,1402.312274
1087256.354,1402.223068
1087266.000,1349.842245
1087276.000,1297.058121
1087286.000,1246.022165
1087296.000,1196.963493
1087306.000,1150.140381
1087316.000,1105.841774
1087326.000,1064.387528
1087336.000,1026.126670
1087346.000,991.432811
1087356.000,960.695854
1087366.000,934.309289
1087376.000,912.652857
1087386.000,896.071347
1087396.000,884.851267
1087406.000,879.198436
1087416.000,879.220148
1087426.000,884.915269
1087436.000,896.174295
1087446.000,912.789454
1087456.000,934.472627
1087466.000,960.877809
1087476.000,991.624420
1087486.000,1026.318491
1087496.000,1064.569923
1087506.000,1106.005088
1087516.000,1150.275110
1087526.000,1197.060363
1087536.000,1246.072181
1087546.000,1297.052584
1087556.000,1349.772747
1087566.000,1404.030752
1087567.575,1412.703145
1131375.562,1411.932625
1131385.000,1367.194865
1131395.000,1321.755210
1131405.000,1278.552718
1131415.000,1237.827361
1131425.000,1199.836839
1131435.000,1164.853896
1131445.000,1133.161909
1131455.000,1105.048483
1131465.000,1080.796926
1131475.000,1060.675731
1131485.000,1044.926661
1131495.000,1033.752161
1131505.000,1027.303616
1131515.000,1025.671730
1131525.000,1028.880448
1131535.000,1036.885317
1131545.000,1049.576554
1131555.000,1066.786382
1131565.000,1088.299397
1131575.000,1113.864774
1131585.000,1143.208720
1131595.000,1176.046054
1131605.000,1212.090134
1131615.000,1251.060714
1131625.000,1292.689716
1131635.000,1336.725059
1131645.000,1382.932905
1131649.139,1402.642265
1172105.215,1402.830940
1172115.000,1347.946997
1172125.000,1293.265884
1172135.000,1240.201832
1172145.000,1188.977527
1172155.000,1139.846958
1172165.000,1093.098153
1172175.000,1049.054951
1172185.000,1008.077080
1172195.000,970.557540
1172205.000,936.916122
1172215.000,907.587912
1172225.000,883.006016
1172235.000,863.578465
1172245.000,849.660905
1172255.000,841.528122
1172265.000,839.348977
1172275.000,843.169650
1172285.000,852.908888
1172295.000,868.366292
1172305.000,889.241845
1172315.000,915.162407
1172325.000,945.710289
1172335.000,980.449643
1172345.000,1018.948013
1172355.000,1060.791994
1172365.000,1105.597228
1172375.000,1153.013697
1172385.000,1202.727488
1172395.000,1254.460155
1172405.000,1307.966610
1172415.000,1363.032235
1172423.934,1413.392955
1222256.297,1412.284963
1222266.000,1384.158634
1222276.000,1358.215532
1222286.000,1335.544594
1222296.000,1316.317220
1222306.000,1300.688044
1222316.000,1288.789465
1222326.000,1280.726519
1222336.000,1276.572498
1222346.000,1276.365749
1222356.000,1280.107879
1222366.000,1287.763759
1222376.000,1299.263058
1222386.000,1314.503344
1222396.000,1333.354374
1222406.000,1355.663173
1222416.000,1381.259486
1222424.970,1406.867943
1257003.725,1405.245022
1257013.000,1366.940840
1257023.000,1328.049537
1257033.000,1291.878184
1257043.000,1258.665719
1257053.000,1228.656182
1257063.000,1202.093162
1257073.000,1179.212869
1257083.000,1160.236041
1257093.000,1145.359104
1257103.000,1134.745217
1257113.000,1128.516114
1257123.000,1126.745422
1257133.000,1129.454519
1257143.000,1136.611280
1257153.000,1148.131953
1257163.000,1163.885891
1257173.000,1183.702549
1257183.000,1207.379954
1257193.000,1234.693627
1257203.000,1265.405353
1257213.000,1299.271055
1257223.000,1336.047445
1257233.000,1375.497296
1257241.971,1412.975173
1307050.541,1413.389667
1307060.000,1363.095909
1307070.000,1311.534687
1307080.000,1261.832516
1307090.000,1214.223617
1307100.000,1168.969440
1307110.000,1126.359210
1307120.000,1086.709042
1307130.000,1050.358903
1307140.000,1017.666770
1307150.000,988.999313
1307160.000,964.718759
1307170.000,945.166075
1307180.000,930.641585
1307190.000,921.384791
1307200.000,917.556211
1307210.000,919.224129
1307220.000,926.358710
1307230.000,938.834555
1307240.000,956.441350
1307250.000,978.900394
1307260.000,1005.884330
1307270.000,1037.037140
1307280.000,1071.992140
1307290.000,1110.386629
1307300.000,1151.872656
1307310.000,1196.124229
1307320.000,1242.841324
1307330.000,1291.751554
1307340.000,1342.610111
1307350.000,1395.198594
1307351.546,1403.468716
1347845.739,1403.407989
1347855.000,1368.535325
1347865.000,1333.414404
1347875.000,1301.135565
1347885.000,1271.918074
1347895.000,1245.979801
1347905.000,1223.531407
1347915.000,1204.769662
1347925.000,1189.870204
1347935.000,1178.980256
1347945.000,1172.211908
1347955.000,1169.636542
1347965.000,1171.281228
1347975.000,1177.127209
1347985.000,1187.110907
1347995.000,1201.127198
1348005.000,1219.034627
1348015.000,1240.661951
1348025.000,1265.815394
1348035.000,1294.285878
1348045.000,1325.855940
1348055.000,1360.305685
1348065.000,1397.417766
1348068.506,1411.021242
1391894.006,1413.086524
1391904.000,1356.202999
1391914.000,1300.602860
1391924.000,1246.503200
1391934.000,1194.114770
1391944.000,1143.679365
1391954.000,1095.473170
1391964.000,1049.809473
1391974.000,1007.040061
1391984.000,967.554359
1391994.000,931.775067
1392004.000,900.148978
1392014.000,873.131732
1392024.000,851.166002
1392034.000,834.653787
1392044.000,823.925479
1392054.000,819.210124
1392064.000,820.612479
1392074.000,828.101875
1392084.000,841.515553
1392094.000,860.575633
1392104.000,884.915831
1392114.000,914.112394
1392124.000,947.714010
1392134.000,985.267040
1392144.000,1026.334364
1392154.000,1070.507757
1392164.000,1117.414728
1392174.000,1166.721135
1392184.000,1218.130892
1392194.000,1271.383879
1392204.000,1326.252878
1392214.000,1382.540104
1392217.448,1402.244406
1432646.396,1402.200821
1432656.000,1348.945368
1432666.000,1294.920924
1432676.000,1242.546400
1432686.000,1192.044999
1432696.000,1143.670350
1432706.000,1097.708849
1432716.000,1054.480965
1432726.000,1014.340776
1432736.000,977.672795
1432746.000,944.885026
1432756.000,916.397247
1432766.000,892.623894
1432776.000,873.951856
1432786.000,860.714650
1432796.000,853.166104
1432806.000,851.457694
1432816.000,855.623925
1432826.000,865.578840
1432836.000,881.124533
1432846.000,901.969670
1432856.000,927.754267
1432866.000,958.076273
1432876.000,992.516141
1432886.000,1030.656991
1432896.000,1072.099362
1432906.000,1116.470833
1432916.000,1163.431201
1432926.000,1212.674376
1432936.000,1263.927989
1432946.000,1316.951556
1432956.000,1371.533870
1432963.409,1412.869413
1476775.781,1411.639284
1476785.000,1370.566531
1476795.000,1328.131134
1476805.000,1288.117093
1476815.000,1250.762178
1476825.000,1216.316470
1476835.000,1185.038422
1476845.000,1157.189304
1476855.000,1133.025982
1476865.000,1112.792162
1476875.000,1096.708480
1476885.000,1084.962210
1476895.000,1077.697349
1476905.000,1075.006430
1476915.000,1076.924901
1476925.000,1083.428926
1476935.000,1094.436899
1476945.000,1109.814443
1476955.000,1129.382277
1476965.000,1152.925764
1476975.000,1180.205278
1476985.000,1210.966228
1476995.000,1244.948064
1477005.000,1281.891796
1477015.000,1321.545851
1477025.000,1363.670314
1477033.855,1402.851246
1517501.433,1403.042818
1517511.000,1350.241845
1517521.000,1296.519464
1517531.000,1244.495176
1517541.000,1194.396968
1517551.000,1146.483206
1517561.000,1101.044682
1517571.000,1058.405510
1517581.000,1018.922109
1517591.000,982.979360
1517601.000,950.982901
1517611.000,923.346672
1517621.000,900.475305
1517631.000,882.741731
1517641.000,870.461900
1517651.000,863.869660
1517661.000,863.095937
1517671.000,868.156222
1517681.000,878.949070
1517691.000,895.265854
1517701.000,916.809787
1517711.000,943.220316
1517721.000,974.098737
1517731.000,1009.031554
1517741.000,1047.609448
1517751.000,1089.441089
1517761.000,1134.161996
1517771.000,1181.439312
1517781.000,1230.973459
1517791.000,1282.497669
1517801.000,1335.776176
1517811.000,1390.601668
1517815.084,1413.393561
1567636.019,1412.602510
1567646.000,1378.279804
1567656.000,1346.748539
1567666.000,1318.285496
1567676.000,1293.096342
1567686.000,1271.378334
1567696.000,1253.314166
1567706.000,1239.065459
1567716.000,1228.766305
1567726.000,1222.517438
1567736.000,1220.381486
1567746.000,1222.379989
1567756.000,1228.492275
1567766.000,1238.656497
1567776.000,1252.772644
1567786.000,1270.707198
1567796.000,1292.298966
1567806.000,1317.365533
1567816.000,1345.709728
1567826.000,1377.125873
1567834.531,1406.196513
1602408.647,1405.759826
1602418.000,1370.756629
1602428.000,1335.957642
1602438.000,1304.087834
1602448.000,1275.370750
1602458.000,1250.027259
1602468.000,1228.269374
1602478.000,1210.293238
1602488.000,1196.271648
1602498.000,1186.346663
1602508.000,1180.623006
1602518.000,1179.162737
1602528.000,1181.982070
1602538.000,1189.050494
1602548.000,1200.292404
1602558.000,1215.591014
1602568.000,1234.794106
1602578.000,1257.720968
1602588.000,1284.169920
1602598.000,1313.925619
1602608.000,1346.765895
1602618.000,1382.467606
1602625.960,1412.783414
1652440.519,1413.407062
1652450.000,1361.667084
1652460.000,1308.595306
1652470.000,1257.259122
1652480.000,1207.886006
1652490.000,1160.732414
1652500.000,1116.085365
1652510.000,1074.262787
1652520.000,1035.611953
1652530.000,1000.505150
1652540.000,969.331731
1652550.000,942.485810
1652560.000,920.349352
1652570.000,903.271314
1652580.000,891.544483
1652590.000,885.382932
1652600.000,884.903711
1652610.000,890.116152
1652620.000,900.920973
1652630.000,917.119460
1652640.000,938.430687
1652650.000,964.513606
1652660.000,994.990327
1652670.000,1029.467538
1652680.000,1067.554150
1652690.000,1108.874341
1652700.000,1153.076263
1652710.000,1199.836883
1652720.000,1248.863965
1652730.000,1299.895991
1652740.000,1352.700750
1652749.296,1403.200634
1693227.305,1403.063148
1693237.000,1362.762447
1693247.000,1323.575845
1693257.000,1287.032483
1693267.000,1253.367004
1693277.000,1222.820182
1693287.000,1195.633747
1693297.000,1172.043823
1693307.000,1152.273144
1693317.000,1136.522412
1693327.000,1124.961404
1693337.000,1117.720520
1693347.000,1114.883876
1693357.000,1116.484479
1693367.000,1122.502299
1693377.000,1132.865426
1693387.000,1147.454158
1693397.000,1166.107513
1693407.000,1188.631297
1693417.000,1214.807047
1693427.000,1244.400758
1693437.000,1277.170953
1693447.000,1312.875583
1693457.000,1351.277567
1693467.000,1392.148961
1693471.524,1411.391943
1737288.654,1412.972731
1737298.000,1360.330229
1737308.000,1305.316604
1737318.000,1251.843835
1737328.000,1200.124660
1737338.000,1150.402185
1737348.000,1102.952840
1737358.000,1058.088583
1737368.000,1016.157686
1737378.000,977.543171
1737388.000,942.657769
1737398.000,911.934202
1737408.000,885.809785
1737418.000,864.705108
1737428.000,848.997631
1737438.000,838.992959
1737448.000,834.897885
1737458.000,836.800263
1737468.000,844.659985
1737478.000,858.313181
1737488.000,877.488593
1737498.000,901.832578
1737508.000,930.937738
1737518.000,964.370566
1737528.000,1001.694849
1737538.000,1042.489294
1737548.000,1086.359270
1737558.000,1132.943451
1737568.000,1181.916537
1737578.000,1232.989230
1737588.000,1285.906467
1737598.000,1340.444685
1737608.000,1396.408650
1737609.023,1402.207817
1778037.323,1402.211934
1778047.000,1347.731786
1778057.000,1292.801117
1778067.000,1239.448308
1778077.000,1187.891869
1778087.000,1138.381552
1778097.000,1091.201297
1778107.000,1046.671337
1778117.000,1005.148724
1778127.000,967.025290
1778137.000,932.721863
1778147.000,902.677490
1778157.000,877.332743
1778167.000,857.106946
1778177.000,842.370611
1778187.000,833.416031
1778197.000,830.430645
1778207.000,833.478311
1778217.000,842.492618
1778227.000,857.283783
1778237.000,877.557576
1778247.000,902.942038
1778257.000,933.016889
1778267.000,967.341055
1778277.000,1005.475341
1778287.000,1046.999038
1778297.000,1091.520584
1778307.000,1138.683310
1778317.000,1188.167404
1778327.000,1239.689350
1778337.000,1292.999806
1778347.000,1347.880641
1778357.000,1404.141647
1778358.555,1413.002940
1822177.438,1411.311913
1822187.000,1372.012184
1822197.000,1333.271643
1822207.000,1297.163130
1822217.000,1263.917171
1822227.000,1233.769801
1822237.000,1206.957488
1822247.000,1183.710766
1822257.000,1164.246723
1822267.000,1148.760706
1822277.000,1137.417805
1822287.000,1130.344926
1822297.000,1127.624073
1822307.000,1129.287882
1822317.000,1135.317770
1822327.000,1145.645011
1822337.000,1160.154587
1822347.000,1178.691335
1822357.000,1201.067634
1822367.000,1227.071895
1822377.000,1256.476893
1822387.000,1289.047567
1822397.000,1324.547704
1822407.000,1362.745355
1822416.932,1403.133892
1862898.504,1403.285511
1862908.000,1352.011592
1862918.000,1299.575830
1862928.000,1248.944669
1862938.000,1200.352438
1862948.000,1154.062423
1862958.000,1110.368019
1862968.000,1069.592485
1862978.000,1032.086581
1862988.000,998.223268
1862998.000,968.388650
1863008.000,942.968593
1863018.000,922.331064
1863028.000,906.804938
1863038.000,896.657467
1863048.000,892.073288
1863058.000,893.138506
1863068.000,899.832853
1863078.000,912.031590
1863088.000,929.516617
1863098.000,951.994740
1863108.000,979.119652
1863118.000,1010.514260
1863128.000,1045.790708
1863138.000,1084.566478
1863148.000,1126.476116
1863158.000,1171.178762
1863168.000,1218.362259
1863178.000,1267.744617
1863188.000,1319.073652
1863198.000,1372.125463
1863205.583,1413.380222
1913018.500,1412.829274
1913028.000,1375.913170
1913038.000,1339.615968
1913048.000,1306.164137
1913058.000,1275.785198
1913068.000,1248.706751
1913078.000,1225.150568
1913088.000,1205.325664
1913098.000,1189.420670
1913108.000,1177.596020
1913118.000,1169.976520
1913128.000,1166.645200
1913138.000,1167.638899
1913148.000,1172.946276
1913158.000,1182.508423
1913168.000,1196.222019
1913178.000,1213.944639
1913188.000,1235.501620
1913198.000,1260.693678
1913208.000,1289.304806
1913218.000,1321.109570
1913228.000,1355.879601
1913238.000,1393.388981
1913241.125,1405.635751
1947815.841,1406.354146
1947825.000,1376.311501
1947835.000,1346.322139
1947845.000,1319.467293
1947855.000,1295.945217
1947865.000,1275.943226
1947875.000,1259.631594
1947885.000,1247.157271
1947895.000,1238.637900
1947905.000,1234.156618
1947915.000,1233.758241
1947925.000,1237.447024
1947935.000,1245.186509
1947945.000,1256.901286
1947955.000,1272.480543
1947965.000,1291.783020
1947975.000,1314.642872
1947985.000,1340.875918
1947995.000,1370.285851
1948005.000,1402.669897
1948007.881,1412.521956
1997831.176,1413.405042
1997841.000,1358.733384
1997851.000,1304.513548
1997861.000,1251.933956
1997871.000,1201.216376
1997881.000,1152.612775
1997891.000,1106.407684
1997901.000,1062.919550
1997911.000,1022.500384
1997921.000,985.532775
1997931.000,952.423215
1997941.000,923.590750
1997951.000,899.450299
1997961.000,880.390868
1997971.000,866.750059
1997981.000,858.787829
1997991.000,856.663592
1998001.000,860.420997
1998011.000,869.983576
1998021.000,885.162329
1998031.000,905.673439
1998041.000,931.162550
1998051.000,961.231165
1998061.000,995.461342
1998071.000,1033.436165
1998081.000,1074.754887
1998091.000,1119.042955
1998101.000,1165.957522
1998111.000,1215.189615
1998121.000,1266.463933
1998131.000,1319.537151
1998141.000,1374.195382
1998146.162,1402.969190
2038610.803,1402.792733
2038620.000,1361.452675
2038630.000,1318.628196
2038640.000,1278.235808
2038650.000,1240.517039
2038660.000,1205.726426
2038670.000,1174.127514
2038680.000,1145.987178
2038690.000,1121.568176
2038700.000,1101.120057
2038710.000,1084.868862
2038720.000,1073.006250
2038730.000,1065.679264
2038740.000,1062.981648
2038750.000,1064.948022
2038760.000,1071.551639
2038770.000,1082.706085
2038780.000,1098.270684
2038790.000,1118.058748
2038800.000,1141.847813
2038810.000,1169.390412
2038820.000,1200.424521
2038830.000,1234.682863
2038840.000,1271.900599
2038850.000,1311.821254
2038860.000,1354.200936
2038870.000,1398.811062
2038872.811,1411.722727
2082683.958,1412.839326
2082693.000,1362.707801
2082703.000,1308.626166
2082713.000,1256.156284
2082723.000,1205.515299
2082733.000,1156.949870
2082743.000,1110.738538
2082753.000,1067.193147
2082763.000,1026.658674
2082773.000,989.510556
2082783.000,956.148532
2082793.000,926.985993
2082803.000,902.434176
2082813.000,882.881327
2082823.000,868.667977
2082833.000,860.061180
2082843.000,857.231478
2082853.000,860.236883
2082863.000,869.017203
2082873.000,883.399989
2082883.000,903.116712
2082893.000,927.825920
2082903.000,957.139037
2082913.000,990.644962
2082923.000,1027.930831
2082933.000,1068.597690
2082943.000,1112.271037
2082953.000,1158.606884
2082963.000,1207.294364
2082973.000,1258.055867
2082983.000,1310.645587
2082993.000,1364.847146
2082999.739,1402.188453
2123429.095,1402.255181
2123439.000,1345.943801
2123449.000,1290.432560
2123459.000,1236.454664
2123469.000,1184.225827
2123479.000,1133.993547
2123489.000,1086.040443
2123499.000,1040.686877
2123509.000,998.292131
2123519.000,959.253124
2123529.000,923.999400
2123539.000,892.983011
2123549.000,866.662112
2123559.000,845.477854
2123569.000,829.825606
2123579.000,820.023432
2123589.000,816.282651
2123599.000,818.686216
2123609.000,827.179759
2123619.000,841.577444
2123629.000,861.581260
2123639.000,886.809272
2123649.000,916.827158
2123659.000,951.177905
2123669.000,989.406265
2123679.000,1031.076599
2123689.000,1075.784236
2123699.000,1123.161478
2123709.000,1172.879549
2123719.000,1224.647840
2123729.000,1278.211529
2123739.000,1333.348339
2123749.000,1389.864989
2123753.051,1413.113079
2167580.944,1410.927917
2167590.000,1377.356294
2167600.000,1342.789398
2167610.000,1311.056084
2167620.000,1282.371162
2167630.000,1256.947448
2167640.000,1234.990097
2167650.000,1216.690136
2167660.000,1202.217527
2167670.000,1191.714222
2167680.000,1185.287790
2167690.000,1183.006311
2167700.000,1184.894854
2167710.000,1190.934261
2167720.000,1201.062140
2167730.000,1215.176042
2167740.000,1233.138440
2167750.000,1254.782986
2167760.000,1279.921381
2167770.000,1308.350399
2167780.000,1339.858348
2167790.000,1374.230887
2167797.961,1403.501682
2208296.470,1403.560166
2208306.000,1353.535394
2208316.000,1302.724627
2208326.000,1253.848492
2208336.000,1207.147788
2208346.000,1162.890157
2208356.000,1121.370125
2208366.000,1082.907518
2208376.000,1047.843589
2208386.000,1016.534198
2208396.000,989.339510
2208406.000,966.610013
2208416.000,948.669342
2208426.000,935.794997
2208436.000,928.199264
2208446.000,926.012891
2208456.000,929.274290
2208466.000,937.926253
2208476.000,951.820848
2208486.000,970.731445
2208496.000,994.369852
2208506.000,1022.405646
2208516.000,1054.485133
2208526.000,1090.248001
2208536.000,1129.340573
2208546.000,1171.425388
2208556.000,1216.187403
2208566.000,1263.337339
2208576.000,1312.612907
2208586.000,1363.778508
2208595.391,1413.359289
2258402.889,1413.000439
2258412.000,1374.210203
2258422.000,1333.934399
2258432.000,1296.286532
2258442.000,1261.506131
2258452.000,1229.840379
2258462.000,1201.539053
2258472.000,1176.847997
2258482.000,1156.001229
2258492.000,1139.212009
2258502.000,1126.663478
2258512.000,1118.499579
2258522.000,1114.817374
2258532.000,1115.661452
2258542.000,1121.021294
2258552.000,1130.831897
2258562.000,1144.977579
2258572.000,1163.298473
2258582.000,1185.598821
2258592.000,1211.656317
2258602.000,1241.231353
2258612.000,1274.075622
2258622.000,1309.939524
2258632.000,1348.578143
2258642.000,1389.755756
2258645.596,1405.142572
2293226.315,1407.046399
2293236.000,1380.966012
2293246.000,1357.161920
2293256.000,1336.704354
2293266.000,1319.751601
2293276.000,1306.442351
2293286.000,1296.890610
2293296.000,1291.181162
2293306.000,1289.366007
2293316.000,1291.462063
2293326.000,1297.450475
2293336.000,1307.277377
2293346.000,1320.856310
2293356.000,1338.071846
2293366.000,1358.784164
2293376.000,1382.834160
2293386.000,1410.048712
2293386.742,1412.189814
2343222.477,1413.384748
2343232.000,1359.578998
2343242.000,1304.412505
2343252.000,1250.800154
2343262.000,1198.956983
2343272.000,1149.128799
2343282.000,1101.595169
2343292.000,1056.671629
2343302.000,1014.710424
2343312.000,976.098842
2343322.000,941.253957
2343332.000,910.612587
2343342.000,884.615450
2343352.000,863.685267
2343362.000,848.199863
2343372.000,838.462971
2343382.000,834.677130
2343392.000,836.923764
2343402.000,845.154763
2343412.000,859.197479
2343422.000,878.772059
2343432.000,903.517156
2343442.000,933.019049
2343452.000,966.839477
2343462.000,1004.538981
2343472.000,1045.694334
2343482.000,1089.909978
2343492.000,1136.824436
2343502.000,1186.112767
2343512.000,1237.486355
2343522.000,1290.690997
2343532.000,1345.504066
2343542.000,1401.731278
2343542.182,1402.766219
2383995.868,1402.583780
2384005.000,1358.980723
2384015.000,1313.169925
2384025.000,1269.603279
2384035.000,1228.523929
2384045.000,1190.193499
2384055.000,1154.889429
2384065.000,1122.900520
2384075.000,1094.520379
2384085.000,1070.038640
2384095.000,1049.730081
2384105.000,1033.842115
2384115.000,1022.581779
2384125.000,1016.103349
2384135.000,1014.498317
2384145.000,1017.789077
2384155.000,1025.927328
2384165.000,1038.797451
2384175.000,1056.224265
2384185.000,1077.984151
2384195.000,1103.817788
2384205.000,1133.443163
2384215.000,1166.567570
2384225.000,1202.897778
2384235.000,1242.148023
2384245.000,1284.045770
2384255.000,1328.335488
2384265.000,1374.780769
2384272.727,1412.006892
2428079.959,1412.684623
2428089.000,1363.647727
2428099.000,1310.854772
2428109.000,1259.773780
2428119.000,1210.628010
2428129.000,1163.669016
2428139.000,1119.178188
2428149.000,1077.467137
2428159.000,1038.876254
2428169.000,1003.770631
2428179.000,972.532517
2428189.000,945.549600
2428199.000,923.198893
2428209.000,905.826617
2428219.000,893.725831
2428229.000,887.114377
2428239.000,886.116605
2428249.000,890.752216
2428259.000,900.934491
2428269.000,916.478176
2428279.000,937.115552
2428289.000,962.517510
2428299.000,992.316179
2428309.000,1026.126082
2428319.000,1063.561799
2428329.000,1104.251304
2428339.000,1147.844928
2428349.000,1194.020614
2428359.000,1242.486218
2428369.000,1292.979703
2428379.000,1345.267952
2428389.000,1399.144758
2428389.561,1402.208372
2468821.689,1402.329883
2468831.000,1349.083478
2468841.000,1293.170998
2468851.000,1238.755873
2468861.000,1186.050347
2468871.000,1135.298467
2468881.000,1086.779642
2468891.000,1040.811595
2468901.000,997.752008
2468911.000,957.997832
2468921.000,921.981004
2468931.000,890.159083
2468941.000,862.999499
2468951.000,840.956785
2468961.000,824.443518
2468971.000,813.797771
2468981.000,809.251850
2468991.000,810.908368
2469001.000,818.729019
2469011.000,832.538781
2469021.000,852.044544
2469031.000,876.863740
2469041.000,906.557006
2469051.000,940.659338
2469061.000,978.705975
2469071.000,1020.251388
2469081.000,1064.881443
2469091.000,1112.219873
2469101.000,1161.930432
2469111.000,1213.716191
2469121.000,1267.317079
2469131.000,1322.506534
2469141.000,1379.087811
2469146.926,1413.205088
2512987.012,1410.446788
2512997.000,1378.556629
2513007.000,1349.502718
2513017.000,1323.517690
2513027.000,1300.789269
2513037.000,1281.494173
2513047.000,1265.792469
2513057.000,1253.821810
2513067.000,1245.691994
2513077.000,1241.480265
2513087.000,1241.227904
2513097.000,1244.938232
2513107.000,1252.576522
2513117.000,1264.071628
2513127.000,1279.319220
2513137.000,1298.186301
2513147.000,1320.516560
2513157.000,1346.136103
2513167.000,1374.859127
2513176.227,1403.950066
2553695.394,1403.865521
2553705.000,1355.197151
2553715.000,1306.361812
2553725.000,1259.611856
2553735.000,1215.193555
2553745.000,1173.377020
2553755.000,1134.454967
2553765.000,1098.739661
2553775.000,1066.557533
2553785.000,1038.240988
2553795.000,1014.117222
2553805.000,994.494219
2553815.000,979.644804
2553825.000,969.790006
2553835.000,965.084004
2553845.000,965.602655
2553855.000,971.337580
2553865.000,982.196816
2553875.000,998.011979
2553885.000,1018.550557
2553895.000,1043.531513
2553905.000,1072.641871
2553915.000,1105.552406
2553925.000,1141.931131
2553935.000,1181.453882
2553945.000,1223.811927
2553955.000,1268.716866
2553965.000,1315.903261
2553975.000,1365.129589
2553984.452,1413.338506
2603788.730,1413.134283
2603798.000,1370.810633
2603808.000,1327.280978
2603818.000,1286.183857
2603828.000,1247.764343
2603838.000,1212.281401
2603848.000,1180.003976
2603858.000,1151.205342
2603868.000,1126.155609
2603878.000,1105.112478
2603888.000,1088.310659
2603898.000,1075.950607
2603908.000,1068.187775
2603918.000,1065.123403
2603928.000,1066.798165
2603938.000,1073.189527
2603948.000,1084.213218
2603958.000,1099.728587
2603968.000,1119.547030
2603978.000,1143.442528
2603988.000,1171.162816
2603998.000,1202.440268
2604008.000,1237.001580
2604018.000,1274.575801
2604028.000,1314.900512
2604038.000,1357.726226
2604048.000,1402.819208
2604048.404,1404.687659
2638642.563,1407.915634
2638652.000,1389.850689
2638662.000,1374.013818
2638672.000,1361.697000
2638682.000,1352.998109
2638692.000,1347.988509
2638702.000,1346.710273
2638712.000,1349.174485
2638722.000,1355.360788
2638732.000,1365.218210
2638742.000,1378.667266
2638752.000,1395.602944
2638760.047,1411.677732
2644641.060,1405.806400
2644651.000,1393.750841
2644661.000,1385.044610
2644671.000,1379.836106
2644681.000,1378.164645
2644691.000,1380.042349
2644701.000,1385.453672
2644711.000,1394.355981
2644721.000,1406.681138
2644722.347,1408.598198
2688614.397,1413.347136
2688624.000,1358.558901
2688634.000,1302.794878
2688644.000,1248.530162
2688654.000,1195.975514
2688664.000,1145.372825
2688674.000,1096.998501
2688684.000,1051.166226
2688694.000,1008.228426
2688704.000,968.575476
2688714.000,932.631418
2688724.000,900.844836
2688734.000,873.673642
2688744.000,851.563206
2688754.000,834.918541
2688764.000,824.073121
2688774.000,819.258832
2688784.000,820.582688
2688794.000,828.015418
2688804.000,841.394634
2688814.000,860.441851
2688824.000,884.789344
2688834.000,914.011338
2688844.000,947.654193
2688854.000,985.261867
2688864.000,1026.394948
2688874.000,1070.643108
2688884.000,1117.632032
2688894.000,1167.026017
2688904.000,1218.527675
2688914.000,1271.875815
2688924.000,1326.842345
2688934.000,1383.228774
2688937.386,1402.613482
2729382.265,1402.437320
2729392.000,1353.714596
2729402.000,1305.512500
2729412.000,1259.398420
2729422.000,1215.614739
2729432.000,1174.426556
2729442.000,1136.120295
2729452.000,1101.000530
2729462.000,1069.384578
2729472.000,1041.594430
2729482.000,1017.945883
2729492.000,998.735095
2729502.000,984.223311
2729512.000,974.621284
2729522.000,970.075075
2729532.000,970.655413
2729542.000,976.352283
2729552.000,987.075687
2729562.000,1002.662392
2729572.000,1022.887663
2729582.000,1047.479927
2729592.000,1076.136490
2729602.000,1108.538456
2729612.000,1144.363615
2729622.000,1183.296655
2729632.000,1225.036566
2729642.000,1269.301491
2729652.000,1315.831374
2729662.000,1364.389075
2729671.509,1412.247527
2773476.717,1412.506686
2773486.000,1363.572736
2773496.000,1312.442247
2773506.000,1263.151662
2773516.000,1215.931114
2773526.000,1171.037180
2773536.000,1128.753383
2773546.000,1089.389290
2773556.000,1053.277566
2773566.000,1020.768341
2773576.000,992.220253
2773586.000,967.987847
2773596.000,948.405531
2773606.000,933.768885
2773616.000,924.315306
2773626.000,920.206384
2773636.000,921.514844
2773646.000,928.218396
2773656.000,940.201695
2773666.000,957.265924
2773676.000,979.144374
2773686.000,1005.521224
2773696.000,1036.050849
2773706.000,1070.375412
2773716.000,1108.139352
2773726.000,1149.000264
2773736.000,1192.636184
2773746.000,1238.749902
2773756.000,1287.070846
2773766.000,1337.355264
2773776.000,1389.385239
2773778.431,1402.276090
2814215.088,1402.435653
2814225.000,1345.763390
2814235.000,1289.909207
2814245.000,1235.565194
2814255.000,1182.945681
2814265.000,1132.297082
2814275.000,1083.901441
2814285.000,1038.079342
2814295.000,995.191443
2814305.000,955.637608
2814315.000,919.852345
2814325.000,888.295058
2814335.000,861.433830
2814345.000,839.722162
2814355.000,823.569516
2814365.000,813.308604
2814375.000,809.164336
2814385.000,811.230511
2814395.000,819.459519
2814405.000,833.667588
2814415.000,853.554272
2814425.000,878.731611
2814435.000,908.756939
2814445.000,943.163851
2814455.000,981.487704
2814465.000,1023.284172
2814475.000,1068.141005
2814485.000,1115.684160
2814495.000,1165.579726
2814505.000,1217.533055
2814515.000,1271.286214
2814525.000,1326.614582
2814535.000,1383.323146
2814540.197,1413.280046
2858397.092,1409.821826
2858407.000,1384.561027
2858417.000,1362.169914
2858427.000,1343.054992
2858437.000,1327.360837
2858447.000,1315.212562
2858457.000,1306.711319
2858467.000,1301.930404
2858477.000,1300.912267
2858487.000,1303.666731
2858497.000,1310.170631
2858507.000,1320.368736
2858517.000,1334.176116
2858527.000,1351.481538
2858537.000,1372.151656
2858547.000,1396.035653
2858550.289,1404.566645
2899095.357,1404.210680
2899105.000,1357.454252
2899115.000,1310.957949
2899125.000,1266.714703
2899135.000,1224.973968
2899145.000,1186.004996
2899155.000,1150.094240
2899165.000,1117.540853
2899175.000,1088.649952
2899185.000,1063.723456
2899195.000,1043.048590
2899205.000,1026.884691
2899215.000,1015.449133
2899225.000,1008.904106
2899235.000,1007.345781
2899245.000,1010.797494
2899255.000,1019.208064
2899265.000,1032.455470
2899275.000,1050.355387
2899285.000,1072.673064
2899295.000,1099.137110
2899305.000,1129.453342
2899315.000,1163.317470
2899325.000,1200.425734
2899335.000,1240.483151
2899345.000,1283.209377
2899355.000,1328.342436
2899365.000,1375.640736
2899372.675,1413.271993
2949175.740,1413.247585
2949185.000,1368.528883
2949195.000,1322.187078
2949205.000,1278.091218
2949215.000,1236.486717
2949225.000,1197.638042
2949235.000,1161.826131
2949245.000,1129.344005
2949255.000,1100.490234
2949265.000,1075.560115
2949275.000,1054.834665
2949285.000,1038.567890
2949295.000,1026.973438
2949305.000,1020.211825
2949315.000,1018.379969
2949325.000,1021.504483
2949335.000,1029.539785
2949345.000,1042.371331
2949355.000,1059.823388
2949365.000,1081.670337
2949375.000,1107.649688
2949385.000,1137.475428
2949395.000,1170.850345
2949405.000,1207.476506
2949415.000,1247.063468
2949425.000,1289.334229
2949435.000,1334.029112
2949445.000,1380.907892
2949449.836,1404.295022
2984079.699,1409.459881
2984089.000,1405.815251
2984099.000,1405.351273
2984109.000,1408.470306
2984112.674,1410.512385
2990002.489,1404.745364
2990012.000,1382.839956
2990022.000,1362.944130
2990032.000,1346.403517
2990042.000,1333.343940
2990052.000,1323.868968
2990062.000,1318.056051
2990072.000,1315.953449
2990082.000,1317.578246
2990092.000,1322.915642
2990102.000,1331.919494
2990112.000,1344.514291
2990122.000,1360.598075
2990132.000,1380.046266
2990142.000,1402.715991
2990144.808,1409.640404
3034006.920,1413.292899
3034016.000,1361.190786
3034026.000,1305.032600
3034036.000,1250.331286
3034046.000,1197.293304
3034056.000,1146.156164
3034066.000,1097.192045
3034076.000,1050.710904
3034086.000,1007.062440
3034096.000,966.635959
3034106.000,929.856911
3034116.000,897.178662
3034126.000,869.068114
3034136.000,845.984366
3034146.000,828.350818
3034156.000,816.523057
3034166.000,810.756945
3034176.000,811.182795
3034186.000,817.791280
3034196.000,830.434469
3034206.000,848.841763
3034216.000,872.646875
3034226.000,901.420086
3034236.000,934.700006
3034246.000,972.020674
3034256.000,1012.931962
3034266.000,1057.013048
3034276.000,1103.879951
3034286.000,1153.188449
3034296.000,1204.633880
3034306.000,1257.948974
3034316.000,1312.900651
3034326.000,1369.286373
3034331.781,1402.469795
3074769.833,1402.322151
3074779.000,1354.594542
3074789.000,1304.178723
3074799.000,1255.686668
3074809.000,1209.354900
3074819.000,1165.445893
3074829.000,1124.248045
3074839.000,1086.074067
3074849.000,1051.257175
3074859.000,1020.144479
3074869.000,993.087048
3074879.000,970.426513
3074889.000,952.478552
3074899.000,939.514547
3074909.000,931.743232
3074919.000,929.294970
3074929.000,932.211189
3074939.000,940.440902
3074949.000,953.844907
3074959.000,972.207026
3074969.000,995.250171
3074979.000,1022.654799
3074989.000,1054.077196
3074999.000,1089.165697
3075009.000,1127.573772
3075019.000,1168.969619
3075029.000,1213.042448
3075039.000,1259.506097
3075049.000,1308.100415
3075059.000,1358.591182
3075069.000,1410.769006
3075069.315,1412.435278
3118874.306,1412.302639
3118884.000,1363.028753
3118894.000,1313.956153
3118904.000,1266.876748
3118914.000,1222.027051
3118924.000,1179.667286
3118934.000,1140.080638
3118944.000,1103.570873
3118954.000,1070.457818
3118964.000,1041.070205
3118974.000,1015.735582
3118984.000,994.767326
3118994.000,978.449391
3119004.000,967.019851
3119014.000,960.655293
3119024.000,959.458032
3119034.000,963.448272
3119044.000,972.562519
3119054.000,986.658599
3119064.000,1005.526264
3119074.000,1028.901784
3119084.000,1056.484228
3119094.000,1087.951462
3119104.000,1122.974331
3119114.000,1161.228143
3119124.000,1202.401185
3119134.000,1246.200460
3119144.000,1292.354980
3119154.000,1340.617251
3119164.000,1390.763361
3119166.273,1402.404329
3159609.284,1402.572156
3159619.000,1347.245259
3159629.000,1291.626252
3159639.000,1237.539327
3159649.000,1185.200459
3159659.000,1134.857520
3159669.000,1086.793654
3159679.000,1041.329944
3159689.000,998.826636
3159699.000,959.681900
3159709.000,924.326866
3159719.000,893.215506
3159729.000,866.808198
3159739.000,845.548543
3159749.000,829.834381
3159759.000,819.986049
3159769.000,816.216678
3159779.000,818.610331
3159789.000,827.112906
3159799.000,841.538011
3159809.000,861.586347
3159819.000,886.874195
3159829.000,916.965195
3159839.000,951.400247
3159849.000,989.722140
3159859.000,1031.493476
3159869.000,1076.308092
3159879.000,1123.797049
3159889.000,1173.630567
3159899.000,1225.517245
3159909.000,1279.201640
3159919.000,1334.460995
3159929.000,1391.101662
3159932.867,1413.338232
3203815.452,1408.921127
3203825.000,1393.439334
3203835.000,1380.503909
3203845.000,1371.018504
3203855.000,1365.057001
3203865.000,1362.667222
3203875.000,1363.869119
3203885.000,1368.654006
3203895.000,1376.984917
3203905.000,1388.798015
3203915.000,1404.005047
3203915.863,1405.472571
3209793.540,1411.496945
3209803.000,1395.199015
3209813.000,1381.316646
3209823.000,1370.975481
3209833.000,1364.256889
3209843.000,1361.214932
3209853.000,1361.874252
3209863.000,1366.229076
3209873.000,1374.243450
3209883.000,1385.852674
3209893.000,1400.965734
3209897.123,1408.190468
3244496.479,1404.583063
3244506.000,1360.848315
3244516.000,1317.065797
3244526.000,1275.715766
3244536.000,1237.047162
3244546.000,1201.323613
3244556.000,1168.819504
3244566.000,1139.814223
3244576.000,1114.584470
3244586.000,1093.394695
3244596.000,1076.486068
3244606.000,1064.064808
3244616.000,1056.290777
3244626.000,1053.267911
3244636.000,1055.037536
3244646.000,1061.575637
3244656.000,1072.794457
3244666.000,1088.548185
3244676.000,1108.641957
3244686.000,1132.842795
3244696.000,1160.891387
3244706.000,1192.513367
3244716.000,1227.429315
3244726.000,1265.362964
3244736.000,1306.047459
3244746.000,1349.229747
3244756.000,1394.673340
3244759.943,1413.166184
3294563.739,1413.313410
3294573.000,1366.524629
3294583.000,1317.793528
3294593.000,1271.137609
3294603.000,1226.799120
3294613.000,1185.043392
3294623.000,1146.157605
3294633.000,1110.447820
3294643.000,1078.233766
3294653.000,1049.840995
3294663.000,1025.590167
3294673.000,1005.783684
3294683.000,990.690341
3294693.000,980.529480
3294703.000,975.456342
3294713.000,975.550813
3294723.000,980.811330
3294733.000,991.155010
3294743.000,1006.423923
3294753.000,1026.396575
3294763.000,1050.802568
3294773.000,1079.338522
3294783.000,1111.683328
3294793.000,1147.511444
3294803.000,1186.503492
3294813.000,1228.354024
3294823.000,1272.776582
3294833.000,1319.506674
3294843.000,1368.302899
3294850.074,1403.950204
3335375.068,1404.097098
3335385.000,1374.323623
3335395.000,1347.318884
3335405.000,1323.481853
3335415.000,1302.988213
3335425.000,1285.999235
3335435.000,1272.656290
3335445.000,1263.075521
3335455.000,1257.343093
3335465.000,1255.511463
3335475.000,1257.596944
3335485.000,1263.579031
3335495.000,1273.401265
3335505.000,1286.973780
3335515.000,1304.177160
3335525.000,1324.867265
3335535.000,1348.880605
3335545.000,1376.039820
3335555.000,1406.158956
3335556.304,1410.294724
3379400.041,1413.222290
3379410.000,1356.095845
3379420.000,1300.019622
3379430.000,1245.409375
3379440.000,1192.473325
3379450.000,1141.451033
3379460.000,1092.617041
3379470.000,1046.283960
3379480.000,1002.804373
3379490.000,962.570577
3379500.000,926.010901
3379510.000,893.581143
3379520.000,865.749760
3379530.000,842.976015
3379540.000,825.681586
3379550.000,814.218139
3379560.000,808.835395
3379570.000,809.655710
3379580.000,816.660767
3379590.000,829.693620
3379600.000,848.475591
3379610.000,872.633963
3379620.000,901.734579
3379630.000,935.313582
3379640.000,972.904241
3379650.000,1014.056965
3379660.000,1058.352372
3379670.000,1105.408455
3379680.000,1154.883231
3379690.000,1206.474340
3379700.000,1259.916748
3379710.000,1314.979465
3379720.000,1371.461866
3379725.377,1402.356259
3420158.455,1402.246442
3420168.000,1351.038763
3420178.000,1298.955458
3420188.000,1248.673687
3420198.000,1200.425214
3420208.000,1154.470096
3420218.000,1111.097729
3420228.000,1070.626517
3420238.000,1033.401461
3420248.000,999.788893
3420258.000,970.167580
3420268.000,944.915674
3420278.000,924.393489
3420288.000,908.923063
3420298.000,898.766307
3420308.000,894.104715
3420318.000,895.023925
3420328.000,901.506032
3420338.000,913.431161
3420348.000,930.588087
3420358.000,952.691658
3420368.000,979.403985
3420378.000,1010.356100
3420388.000,1045.167496
3420398.000,1083.461982
3420408.000,1124.879270
3420418.000,1169.082621
3420428.000,1215.763021
3420438.000,1264.640806
3420448.000,1315.465455
3420458.000,1368.014208
3420466.267,1412.617776
3464272.837,1412.055280
3464282.000,1367.476259
3464292.000,1320.675549
3464302.000,1276.019895
3464312.000,1233.748105
3464322.000,1194.118976
3464332.000,1157.409302
3464342.000,1123.910173
3464352.000,1093.921202
3464362.000,1067.742415
3464372.000,1045.663812
3464382.000,1027.952931
3464392.000,1014.841324
3464402.000,1006.511038
3464412.000,1003.082964
3464422.000,1004.608503
3464432.000,1011.065895
3464442.000,1022.361810
3464452.000,1038.337922
3464462.000,1058.781489
3464472.000,1083.438226
3464482.000,1112.026045
3464492.000,1144.248043
3464502.000,1179.803802
3464512.000,1218.398434
3464522.000,1259.749270
3464532.000,1303.590348
3464542.000,1349.675037
3464552.000,1397.777195
3464552.972,1402.553430
3505004.283,1402.739063
3505014.000,1347.896303
3505024.000,1292.830669
3505034.000,1239.347549
3505044.000,1187.666938
3505054.000,1138.040389
3505064.000,1090.754012
3505074.000,1046.130607
3505084.000,1004.530205
3505094.000,966.348002
3505104.000,932.008474
3505114.000,901.954423
3505124.000,876.629981
3505134.000,856.457495
3505144.000,841.809475
3505154.000,832.978824
3505164.000,830.151944
3505174.000,833.389988
3505184.000,842.622427
3505194.000,857.654449
3505204.000,878.186419
3505214.000,903.841165
3505224.000,934.193782
3505234.000,968.799388
3505244.000,1007.215853
3505254.000,1049.020352
3505264.000,1093.819920
3505274.000,1141.257027
3505284.000,1191.011424
3505294.000,1242.799456
3505304.000,1296.371844
3505314.000,1351.510652
3505324.000,1408.025939
3505324.936,1413.379287
3555164.531,1412.086423
3555174.000,1387.610175
3555184.000,1364.881166
3555194.000,1345.517625
3555204.000,1329.668506
3555214.000,1317.462151
3555224.000,1309.001546
3555234.000,1304.360229
3555244.000,1303.579203
3555254.000,1306.665179
3555264.000,1313.590217
3555274.000,1324.293023
3555284.000,1338.681496
3555294.000,1356.636477
3555304.000,1378.016287
3555314.000,1402.661687
3555315.728,1407.238656
3589898.924,1405.009980
3589908.000,1366.011752
3589918.000,1325.324165
3589928.000,1287.253494
3589938.000,1252.043109
3589948.000,1219.944987
3589958.000,1191.214659
3589968.000,1166.104596
3589978.000,1144.856119
3589988.000,1127.690170
3589998.000,1114.797495
3590008.000,1106.329190
3590018.000,1102.388357
3590028.000,1103.024158
3590038.000,1108.228837
3590048.000,1117.938196
3590058.000,1132.035447
3590068.000,1150.357914
3590078.000,1172.705767
3590088.000,1198.851652
3590098.000,1228.550447
3590108.000,1261.548215
3590118.000,1297.589912
3590128.000,1336.425575
3590138.000,1377.814956
3590146.094,1413.029662
3639952.594,1413.373864
3639962.000,1364.101987
3639972.000,1313.382326
3639982.000,1264.587867
3639992.000,1217.955791
3640002.000,1173.749368
3640012.000,1132.257967
3640022.000,1093.795493
3640032.000,1058.696643
3640042.000,1027.310350
3640052.000,999.989908
3640062.000,977.079615
3640072.000,958.898255
3640082.000,945.720695
3640092.000,937.759397
3640102.000,935.148490
3640112.000,937.932947
3640122.000,946.064830
3640132.000,959.407261
3640142.000,977.745504
3640152.000,1000.802988
3640162.000,1028.259808
3640172.000,1059.771140
3640182.000,1094.983635
3640192.000,1133.548682
3640202.000,1175.132176
3640212.000,1219.420933
3640222.000,1266.126417
3640232.000,1314.986201
3640242.000,1365.763929
3640249.245,1403.631658
3680752.480,1403.608702
3680762.000,1369.902695
3680772.000,1337.176204
3680782.000,1307.400180
3680792.000,1280.782970
3680802.000,1257.527338
3680812.000,1237.824527
3680822.000,1221.847759
3680832.000,1209.745574
3680842.000,1201.635516
3680852.000,1197.598666
3680862.000,1197.675775
3680872.000,1201.865153
3680882.000,1210.122746
3680892.000,1222.364337
3680902.000,1238.469603
3680912.000,1258.287612
3680922.000,1281.643200
3680932.000,1308.343589
3680942.000,1338.184952
3680952.000,1370.958250
3680962.000,1406.454305
3680963.181,1410.816183
3724793.765,1413.134998
3724803.000,1360.335085
3724813.000,1304.406349
3724823.000,1249.946353
3724833.000,1197.162373
3724843.000,1146.292600
3724853.000,1097.609644
3724863.000,1051.423497
3724873.000,1008.083302
3724883.000,967.976982
3724893.000,931.527528
3724903.000,899.184521
3724913.000,871.409598
3724923.000,848.655141
3724933.000,831.336637
3724943.000,819.801175
3724953.000,814.296402
3724963.000,814.945688
3724973.000,821.734908
3724983.000,834.514012
3724993.000,853.012970
3725003.000,876.868373
3725013.000,905.654998
3725023.000,938.916823
3725033.000,976.193462
3725043.000,1017.040089
3725053.000,1061.040633
3725063.000,1107.815163
3725073.000,1157.022804
3725083.000,1208.361580
3725093.000,1261.566338
3725103.000,1316.405628
3725113.000,1372.678154
3725118.170,1402.273406
3765548.048,1402.207346
3765558.000,1347.560041
3765568.000,1294.149313
3765578.000,1242.440236
3765588.000,1192.659757
3765598.000,1145.064781
3765608.000,1099.944111
3765618.000,1057.619216
3765628.000,1018.443101
3765638.000,982.796362
3765648.000,951.079453
3765658.000,923.700309
3765668.000,901.056910
3765678.000,883.515360
3765688.000,871.385120
3765698.000,864.894566
3765708.000,864.170804
3765718.000,869.227629
3765728.000,879.964136
3765738.000,896.174384
3765748.000,917.565912
3765758.000,943.783557
3765768.000,974.434453
3765778.000,1009.110886
3765788.000,1047.408907
3765798.000,1088.941895
3765808.000,1133.349396
3765818.000,1180.301862
3765828.000,1229.502382
3765838.000,1280.686293
3765848.000,1333.619463
3765858.000,1388.095835
3765862.450,1412.787480
3809672.456,1411.785364
3809682.000,1367.910066
3809692.000,1324.006155
3809702.000,1282.437594
3809712.000,1243.444145
3809722.000,1207.280595
3809732.000,1174.213368
3809742.000,1144.515451
3809752.000,1118.459470
3809762.000,1096.308917
3809772.000,1078.307826
3809782.000,1064.669593
3809792.000,1055.565707
3809802.000,1051.115865
3809812.000,1051.380510
3809822.000,1056.356922
3809832.000,1065.979419
3809842.000,1080.123613
3809852.000,1098.614194
3809862.000,1121.234957
3809872.000,1147.740096
3809882.000,1177.865357
3809892.000,1211.338231
3809902.000,1247.886544
3809912.000,1287.245206
3809922.000,1329.161115
3809932.000,1373.396394
3809938.384,1402.748994
3850400.097,1402.936212
3850410.000,1347.828477
3850420.000,1293.639316
3850430.000,1241.110935
3850440.000,1190.469313
3850450.000,1141.971370
3850460.000,1095.907366
3850470.000,1052.602213
3850480.000,1012.414974
3850490.000,975.735562
3850500.000,942.977560
3850510.000,914.566093
3850520.000,890.920243
3850530.000,872.430136
3850540.000,859.430539
3850550.000,852.174049
3850560.000,850.808259
3850570.000,855.361351
3850580.000,865.739276
3850590.000,881.735072
3850600.000,903.048361
3850610.000,929.310902
3850620.000,960.113685
3850630.000,995.031731
3850640.000,1033.644229
3850650.000,1075.549157
3850660.000,1120.372599
3850670.000,1167.773700
3850680.000,1217.446321
3850690.000,1269.118446
3850700.000,1322.550198
3850710.000,1377.531118
3850716.389,1413.386054
3900542.352,1412.461646
3900552.000,1381.627151
3900562.000,1352.584003
3900572.000,1326.704715
3900582.000,1304.180361
3900592.000,1285.189667
3900602.000,1269.893073
3900612.000,1258.426757
3900622.000,1250.897073
3900632.000,1247.375892
3900642.000,1247.897228
3900652.000,1252.455702
3900662.000,1261.006739
3900672.000,1273.468684
3900682.000,1289.726519
3900692.000,1309.636820
3900702.000,1333.033483
3900712.000,1359.733730
3900722.000,1389.543986
3900727.288,1406.498197
3935302.947,1405.497570
3935312.000,1369.809710
3935322.000,1332.867203
3935332.000,1298.745710
3935342.000,1267.677240
3935352.000,1239.895146
3935362.000,1215.628209
3935372.000,1195.093604
3935382.000,1178.489037
3935392.000,1165.984536
3935402.000,1157.714642
3935412.000,1153.771572
3935422.000,1154.200344
3935432.000,1158.996288
3935442.000,1168.105310
3935452.000,1181.426867
3935462.000,1198.819292
3935472.000,1220.106810
3935482.000,1245.087566
3935492.000,1273.541728
3935502.000,1305.239278
3935512.000,1339.946833
3935522.000,1377.433331
3935530.883,1412.882654
3985342.223,1413.401149
3985352.000,1360.695071
3985362.000,1308.366229
3985372.000,1257.836824
3985382.000,1209.338470
3985392.000,1163.131051
3985402.000,1119.503799
3985412.000,1078.775006
3985422.000,1041.289695
3985432.000,1007.414459
3985442.000,977.528706
3985452.000,952.011774
3985462.000,931.225870
3985472.000,915.495757
3985482.000,905.086932
3985492.000,900.185242
3985502.000,900.881196
3985512.000,907.161905
3985522.000,918.912213
3985532.000,935.924921
3985542.000,957.917906
3985552.000,984.555168
3985562.000,1015.468501
3985572.000,1050.277157
3985582.000,1088.603903
3985592.000,1130.086826
3985602.000,1174.387190
3985612.000,1221.193788
3985622.000,1270.224701
3985632.000,1321.227190
3985642.000,1373.976378
3985647.439,1403.326372
4026132.911,1403.220216
4026142.000,1367.038611
4026152.000,1329.631157
4026162.000,1294.953618
4026172.000,1263.234008
4026182.000,1234.703126
4026192.000,1209.589047
4026202.000,1188.110464
4026212.000,1170.469094
4026222.000,1156.841611
4026232.000,1147.371701
4026242.000,1142.162924
4026252.000,1141.273329
4026262.000,1144.712205
4026272.000,1152.439549
4026282.000,1164.368278
4026292.000,1180.368878
4026302.000,1200.275954
4026312.000,1223.895958
4026322.000,1251.015247
4026332.000,1281.408011
4026342.000,1314.843280
4026352.000,1351.090914
4026362.000,1389.926351
4026367.238,1411.229446
4070188.106,1413.030150
4070198.000,1356.999385
4070208.000,1301.698844
4070218.000,1247.921257
4070228.000,1195.878874
4070238.000,1145.814748
4070248.000,1098.005889
4070258.000,1052.765722
4070268.000,1010.445164
4070278.000,971.431372
4070288.000,936.142984
4070298.000,905.020567
4070308.000,878.511174
4070318.000,857.046627
4070328.000,841.016328
4070338.000,830.737346
4070348.000,826.426070
4070358.000,828.176788
4070368.000,835.951817
4070378.000,849.585529
4070388.000,868.801259
4070398.000,893.237339
4070408.000,922.476957
4070418.000,956.076939
4070428.000,993.591999
4070438.000,1034.592893
4070448.000,1078.678385
4070458.000,1125.481904
4070468.000,1174.674155
4070478.000,1225.962904
4070488.000,1279.091024
4070498.000,1333.833570
4070508.000,1389.994453
4070510.147,1402.221584
4110938.550,1402.202470
4110948.000,1349.342734
4110958.000,1294.784454
4110968.000,1241.832051
4110978.000,1190.705600
4110988.000,1141.656016
4110998.000,1094.967743
4111008.000,1050.960528
4111018.000,1009.989543
4111028.000,972.442894
4111038.000,938.735383
4111048.000,909.297396
4111058.000,884.558105
4111068.000,864.923006
4111078.000,850.747187
4111088.000,842.307285
4111098.000,839.776555
4111108.000,843.207838
4111118.000,852.528141
4111128.000,867.546031
4111138.000,887.970253
4111148.000,913.435454
4111158.000,943.530292
4111168.000,977.823672
4111178.000,1015.886361
4111188.000,1057.306871
4111198.000,1101.701710
4111208.000,1148.720991
4111218.000,1198.050404
4111228.000,1249.410784
4111238.000,1302.556144
4111248.000,1357.270884
4111257.925,1412.940312
4155073.377,1411.474948
4155083.000,1370.265273
4155093.000,1329.712234
4155103.000,1291.693008
4155113.000,1256.442766
4155123.000,1224.205551
4155133.000,1195.229680
4155143.000,1169.761659
4155153.000,1148.038696
4155163.000,1130.280049
4155173.000,1116.677714
4155183.000,1107.387282
4155193.000,1102.519655
4155203.000,1102.134846
4155213.000,1106.238447
4155223.000,1114.781310
4155233.000,1127.662474
4155243.000,1144.734937
4155253.000,1165.813592
4155263.000,1190.684237
4155273.000,1219.112954
4155283.000,1250.854919
4155293.000,1285.662137
4155303.000,1323.289794
4155313.000,1363.501141
4155322.293,1402.989194
4195796.749,1403.163855
4195806.000,1352.621376
4195816.000,1299.476384
4195826.000,1248.075524
4195836.000,1198.649221
4195846.000,1151.457563
4195856.000,1106.791943
4195866.000,1064.975441
4195876.000,1026.361208
4195886.000,991.327974
4195896.000,960.271765
4195906.000,933.593070
4195916.000,911.679281
4195926.000,894.882920
4195936.000,883.497709
4195946.000,877.735418
4195956.000,877.707335
4195966.000,883.413893
4195976.000,894.744653
4195986.000,911.488546
4195996.000,933.352378
4196006.000,959.983944
4196016.000,990.996002
4196026.000,1025.988022
4196036.000,1064.563820
4196046.000,1106.344433
4196056.000,1150.976425
4196066.000,1198.136411
4196076.000,1247.532696
4196086.000,1298.904907
4196096.000,1352.022356
4196106.000,1406.681697
4196107.209,1413.383364
4245923.641,1412.731780
4245933.000,1378.241417
4245943.000,1344.035662
4245953.000,1312.775013
4245963.000,1284.677878
4245973.000,1259.958929
4245983.000,1238.823012
4245993.000,1221.458323
4246003.000,1208.029236
4246013.000,1198.669321
4246023.000,1193.475103
4246033.000,1192.501358
4246043.000,1195.758250
4246053.000,1203.210808
4246063.000,1214.780737
4246073.000,1230.350358
4246083.000,1249.768238
4246093.000,1272.855920
4246103.000,1299.415020
4246113.000,1329.234365
4246123.000,1362.096390
4246133.000,1397.782734
4246135.177,1405.904029
4280708.950,1406.058820
4280718.000,1374.213603
4280728.000,1341.715173
4280738.000,1312.247322
4280748.000,1286.022062
4280758.000,1263.244649
4280768.000,1244.107350
4280778.000,1228.782712
4280788.000,1217.416734
4280798.000,1210.122511
4280808.000,1206.974983
4280818.000,1208.007171
4280828.000,1213.208554
4280838.000,1222.525601
4280848.000,1235.864461
4280858.000,1253.095489
4280868.000,1274.059137
4280878.000,1298.572586
4280888.000,1326.436631
4280898.000,1357.442153
4280908.000,1391.376020
4280913.895,1412.667115
4330732.556,1413.408367
4330742.000,1361.296971
4330752.000,1307.561671
4330762.000,1255.505577
4330772.000,1205.352542
4330782.000,1157.356044
4330792.000,1111.801208
4330802.000,1069.005731
4330812.000,1029.319016
4330822.000,993.118624
4330832.000,960.803074
4330842.000,932.780123
4330852.000,909.450036
4330862.000,891.184276
4330872.000,878.301084
4330882.000,871.040919
4330892.000,869.545584
4330902.000,873.844979
4330912.000,883.854186
4330922.000,899.381632
4330932.000,920.146442
4330942.000,945.801615
4330952.000,975.958943
4330962.000,1010.212214
4330972.000,1048.156439
4330982.000,1089.402096
4330992.000,1133.584638
4331002.000,1180.369766
4331012.000,1229.455579
4331022.000,1280.572467
4331032.000,1333.481586
4331042.000,1387.972508
4331044.726,1403.076780
4371515.527,1402.914202
4371525.000,1361.822671
4371535.000,1320.695762
4371545.000,1282.102859
4371555.000,1246.283081
4371565.000,1213.485369
4371575.000,1183.963860
4371585.000,1157.971709
4371595.000,1135.753379
4371605.000,1117.535652
4371615.000,1103.517888
4371625.000,1093.862244
4371635.000,1088.685010
4371645.000,1088.049818
4371655.000,1091.963797
4371665.000,1100.377117
4371675.000,1113.186002
4371685.000,1130.238812
4371695.000,1151.344310
4371705.000,1176.281322
4371715.000,1204.808518
4371725.000,1236.673680
4371735.000,1271.621785
4371745.000,1309.401593
4371755.000,1349.770670
4371765.000,1392.498919
4371769.303,1411.557249
4415583.087,1412.906434
4415593.000,1357.534836
4415603.000,1303.071597
4415613.000,1250.197476
4415623.000,1199.129407
4415633.000,1150.114509
4415643.000,1103.432714
4415653.000,1059.398522
4415663.000,1018.361173
4415673.000,980.702339
4415683.000,946.830236
4415693.000,917.169063
4415703.000,892.142982
4415713.000,872.154629
4415723.000,857.559268
4415733.000,848.637513
4415743.000,845.570634
4415753.000,848.423129
4415763.000,857.136239
4415773.000,871.533917
4415783.000,891.339817
4415793.000,916.201770
4415803.000,945.719062
4415813.000,979.468366
4415823.000,1017.025467
4415833.000,1057.981523
4415843.000,1101.953847
4415853.000,1148.591970
4415863.000,1197.580087
4415873.000,1248.636976
4415883.000,1301.514296
4415893.000,1355.993992
4415901.284,1402.201422
4456329.915,1402.230239
4456339.000,1350.749141
4456349.000,1295.379891
4456359.000,1241.548246
4456369.000,1189.468965
4456379.000,1139.388118
4456389.000,1091.586295
4456399.000,1046.381083
4456409.000,1004.128107
4456419.000,965.219641
4456429.000,930.079574
4456439.000,899.153418
4456449.000,872.892227
4456459.000,851.730077
4456469.000,836.056105
4456479.000,826.183922
4456489.000,822.323030
4456499.000,824.557716
4456509.000,832.838094
4456519.000,846.985389
4456529.000,866.710278
4456539.000,891.640029
4456549.000,921.349076
4456559.000,955.388034
4456569.000,993.307814
4456579.000,1034.677396
4456589.000,1079.095316
4456599.000,1126.195896
4456609.000,1175.651442
4456619.000,1227.171728
4456629.000,1280.501820
4456639.000,1335.418997
4456649.000,1391.729323
4456652.731,1413.061943
4500475.921,1411.124722
4500485.000,1375.583137
4500495.000,1338.841344
4500505.000,1304.829570
4500515.000,1273.771210
4500525.000,1245.891517
4500535.000,1221.412184
4500545.000,1200.544854
4500555.000,1183.483821
4500565.000,1170.398344
4500575.000,1161.425133
4500585.000,1156.661813
4500595.000,1156.161817
4500605.000,1159.931599
4500615.000,1167.930281
4500625.000,1180.071875
4500635.000,1196.229783
4500645.000,1216.243047
4500655.000,1239.923669
4500665.000,1267.064345
4500675.000,1297.445847
4500685.000,1330.843782
4500695.000,1367.034298
4500704.377,1403.314264
4541194.273,1403.422819
4541204.000,1351.632117
4541214.000,1300.028986
4541224.000,1250.299611
4541234.000,1202.682312
4541244.000,1157.443404
4541254.000,1114.877774
4541264.000,1075.307925
4541274.000,1039.080794
4541284.000,1006.561586
4541294.000,978.123962
4541304.000,954.136198
4541314.000,934.943617
4541324.000,920.848244
4541334.000,912.087987
4541344.000,908.818081
4541354.000,911.097964
4541364.000,918.886025
4541374.000,932.043315
4541384.000,950.345373
4541394.000,973.500054
4541404.000,1001.168201
4541414.000,1032.984208
4541424.000,1068.574222
4541434.000,1107.570676
4541444.000,1149.622819
4541454.000,1194.403470
4541464.000,1241.612685
4541474.000,1290.979057
4541484.000,1342.259365
4541494.000,1395.237157
4541497.358,1413.372112
4591307.177,1412.932099
4591317.000,1372.862781
4591327.000,1334.566918
4591337.000,1299.015478
4591347.000,1266.443557
4591357.000,1237.090118
4591367.000,1211.192385
4591377.000,1188.978974
4591387.000,1170.661979
4591397.000,1156.428446
4591407.000,1146.431896
4591417.000,1140.784607
4591427.000,1139.551671
4591437.000,1142.747294
4591447.000,1150.333994
4591457.000,1162.224726
4591467.000,1178.287670
4591477.000,1198.353091
4591487.000,1222.221494
4591497.000,1249.672163
4591507.000,1280.471571
4591517.000,1314.380807
4591527.000,1351.161912
4591537.000,1390.582879
4591540.596,1405.360566
4626117.655,1406.694105
4626127.000,1378.684535
4626137.000,1351.670597
4626147.000,1327.900808
4626157.000,1307.555132
4626167.000,1290.798120
4626177.000,1277.773178
4626187.000,1268.597044
4626197.000,1263.354922
4626207.000,1262.096706
4626217.000,1264.834751
4626227.000,1271.543213
4626237.000,1282.159319
4626247.000,1296.586197
4626257.000,1314.697092
4626267.000,1336.340516
4626277.000,1361.345896
4626287.000,1389.529279
4626294.413,1412.359372
4676123.548,1413.396786
4676133.000,1360.333483
4676143.000,1305.555431
4676153.000,1252.365864
4676163.000,1200.982315
4676173.000,1151.652800
4676183.000,1104.658541
4676193.000,1060.315824
4676203.000,1018.976294
4676213.000,981.024741
4676223.000,946.873287
4676233.000,916.950822
4676243.000,891.686873
4676253.000,871.489794
4676263.000,856.720535
4676273.000,847.664741
4676283.000,844.507456
4676293.000,847.315175
4676303.000,856.029102
4676313.000,870.471117
4676323.000,890.361164
4676333.000,915.342214
4676343.000,945.008136
4676353.000,978.930134
4676363.000,1016.678869
4676373.000,1057.840947
4676383.000,1102.029777
4676393.000,1148.891685
4676403.000,1198.108285
4676413.000,1249.396315
4676423.000,1302.505853
4676433.000,1357.217634
4676441.153,1402.874291
4716899.867,1402.670367
4716909.000,1360.246755
4716919.000,1315.816630
4716929.000,1273.719302
4716939.000,1234.197670
4716949.000,1197.510617
4716959.000,1163.929688
4716969.000,1133.734011
4716979.000,1107.203251
4716989.000,1084.608600
4716999.000,1066.202074
4717009.000,1052.204704
4717019.000,1042.794789
4717029.000,1038.097284
4717039.000,1038.175827
4717049.000,1043.028483
4717059.000,1052.587854
4717069.000,1066.725560
4717079.000,1085.260327
4717089.000,1107.968734
4717099.000,1134.597010
4717109.000,1164.872782
4717119.000,1198.515724
4717129.000,1235.246478
4717139.000,1274.793606
4717149.000,1316.898574
4717159.000,1361.319000
4717169.000,1407.830451
4717169.847,1411.860627
4760978.743,1412.762258
4760988.000,1361.995498
4760998.000,1308.572076
4761008.000,1256.813691
4761018.000,1206.941176
4761028.000,1159.204369
4761038.000,1113.884060
4761048.000,1071.292883
4761058.000,1031.774465
4761068.000,995.699986
4761078.000,963.461225
4761088.000,935.459236
4761098.000,912.088251
4761108.000,893.715017
4761118.000,880.655190
4761128.000,873.149408
4761138.000,871.342764
4761148.000,875.271453
4761158.000,884.859374
4761168.000,899.925309
4761178.000,920.199289
4761188.000,945.344793
4761198.000,974.982945
4761208.000,1008.715304
4761218.000,1046.142944
4761228.000,1086.880839
4761238.000,1130.567497
4761248.000,1176.870543
4761258.000,1225.489120
4761268.000,1276.154017
4761278.000,1328.626332
4761288.000,1382.695277
4761291.543,1402.200880
4801722.111,1402.289743
4801732.000,1345.885217
4801742.000,1290.171464
4801752.000,1235.975142
4801762.000,1183.510812
4801772.000,1133.024959
4801782.000,1084.799457
4801792.000,1039.154371
4801802.000,996.449364
4801812.000,957.082685
4801822.000,921.486466
4801832.000,890.116876
4801842.000,863.437880
4801852.000,841.898110
4801862.000,825.901721
4801872.000,815.776175
4801882.000,811.741817
4801892.000,813.889160
4801902.000,822.169022
4801912.000,836.397887
4801922.000,856.277218
4801932.000,881.422182
4801942.000,911.393927
4801952.000,945.730057
4801962.000,983.969758
4801972.000,1025.672114
4801982.000,1070.427753
4801992.000,1117.864971
4802002.000,1167.651690
4802012.000,1219.494658
4802022.000,1273.136976
4802032.000,1328.354769
4802042.000,1384.953549
4802046.904,1413.162596
4845880.629,1410.692615
4845890.000,1378.288443
4845900.000,1346.373689
4845910.000,1317.411034
4845920.000,1291.603211
4845930.000,1269.146470
4845940.000,1250.224800
4845950.000,1235.003702
4845960.000,1223.623872
4845970.000,1216.195288
4845980.000,1212.792309
4845990.000,1213.450060
4846000.000,1218.162787
4846010.000,1226.884136
4846020.000,1239.529425
4846030.000,1255.979646
4846040.000,1276.086735
4846050.000,1299.679651
4846060.000,1326.570743
4846070.000,1356.561811
4846080.000,1389.449724
4846084.101,1403.727248
4886592.722,1403.714611
4886602.000,1355.823070
4886612.000,1305.929332
4886622.000,1258.038729
4886632.000,1212.394345
4886642.000,1169.264681
4886652.000,1128.943096
4886662.000,1091.745538
4886672.000,1058.005950
4886682.000,1028.068812
4886692.000,1002.278414
4886702.000,980.964869
4886712.000,964.427531
4886722.000,952.916992
4886732.000,946.617966
4886742.000,945.635330
4886752.000,949.985709
4886762.000,959.596102
4886772.000,974.309854
4886782.000,993.898746
4886792.000,1018.079308
4886802.000,1046.530729
4886812.000,1078.912159
4886822.000,1114.877775
4886832.000,1154.088730
4886842.000,1196.221781
4886852.000,1240.974895
4886862.000,1288.070279
4886872.000,1337.255519
4886882.000,1388.303325
4886886.791,1413.361721
4936692.361,1413.071121
4936702.000,1370.486837
4936712.000,1328.575434
4936722.000,1289.200313
4936732.000,1252.605136
4936742.000,1219.044408
4936752.000,1188.778905
4936762.000,1162.069475
4936772.000,1139.169195
4936782.000,1120.314143
4936792.000,1105.713276
4936802.000,1095.538164
4936812.000,1089.913751
4936822.000,1088.911007
4936832.000,1092.542589
4936842.000,1100.762048
4936852.000,1113.466702
4936862.000,1130.503789
4936872.000,1151.678994
4936882.000,1176.766488
4936892.000,1205.519164
4936902.000,1237.678344
4936912.000,1272.982261
4936922.000,1311.172976
4936932.000,1352.001633
4936942.000,1395.232154
4936944.165,1404.887451
4971530.595,1407.453558
4971540.000,1385.536182
4971550.000,1365.425992
4971560.000,1348.754262
4971570.000,1335.651985
4971580.000,1326.226769
4971590.000,1320.558744
4971600.000,1318.697320
4971610.000,1320.659126
4971620.000,1326.427284
4971630.000,1335.952195
4971640.000,1349.153537
4971650.000,1365.923567
4971660.000,1386.131220
4971670.000,1409.626746
4971670.924,1411.956908
5021515.171,1413.367447
5021525.000,1357.531555
5021535.000,1302.058806
5021545.000,1248.114225
5021555.000,1195.911224
5021565.000,1145.694295
5021575.000,1097.742211
5021585.000,1052.370532
5021595.000,1009.932706
5021605.000,970.818816
5021615.000,935.450769
5021625.000,904.272607
5021635.000,877.734840
5021645.000,856.272370
5021655.000,840.276935
5021665.000,830.066747
5021675.000,825.857836
5021685.000,827.742501
5021695.000,835.679589
5021705.000,849.498866
5021715.000,868.918503
5021725.000,893.571620
5021735.000,923.036600
5021745.000,956.866153
5021755.000,994.611691
5021765.000,1035.841479
5021775.000,1080.152486
5021785.000,1127.176961
5021795.000,1176.584880
5021805.000,1228.083624
5021815.000,1281.415926
5021825.000,1336.356863
5021835.000,1392.710478
5021836.748,1402.693776
5062285.639,1402.504228
5062295.000,1356.645478
5062305.000,1309.535506
5062315.000,1264.585256
5062325.000,1222.037643
5062335.000,1182.156374
5062345.000,1145.223956
5062355.000,1111.537906
5062365.000,1081.404772
5062375.000,1055.131680
5062385.000,1033.015414
5062395.000,1015.329332
5062405.000,1002.309168
5062415.000,994.138898
5062425.000,990.938572
5062435.000,992.755782
5062445.000,999.562141
5062455.000,1011.255374
5062465.000,1027.666590
5062475.000,1048.571757
5062485.000,1073.705416
5062495.000,1102.775072
5062505.000,1135.474665
5062515.000,1171.496123
5062525.000,1210.538473
5062535.000,1252.314454
5062545.000,1296.554855
5062555.000,1343.010889
5062565.000,1391.455217
5062569.158,1412.134962
5106375.126,1412.595843
5106385.000,1359.830938
5106395.000,1307.970745
5106405.000,1257.900936
5106415.000,1209.850253
5106425.000,1164.074980
5106435.000,1120.859904
5106445.000,1080.517941
5106455.000,1043.387769
5106465.000,1009.828732
5106475.000,980.212275
5106485.000,954.909429
5106495.000,934.274389
5106505.000,918.624850
5106515.000,908.221086
5106525.000,903.246304
5106535.000,903.791466
5106545.000,909.847336
5106555.000,921.305351
5106565.000,937.967040
5106575.000,959.560301
5106585.000,985.759499
5106595.000,1016.206350
5106605.000,1050.529036
5106615.000,1088.357947
5106625.000,1129.337445
5106635.000,1173.133698
5106645.000,1219.439231
5106655.000,1267.974860
5106665.000,1318.489774
5106675.000,1370.760386
5106680.881,1402.238553
5147115.120,1402.380486
5147125.000,1345.871996
5147135.000,1289.989702
5147145.000,1235.613367
5147155.000,1182.956839
5147165.000,1132.266029
5147175.000,1083.822480
5147185.000,1037.946305
5147195.000,994.997771
5147205.000,955.376503
5147215.000,919.516992
5147225.000,887.878953
5147235.000,860.931185
5147245.000,839.128380
5147255.000,822.881661
5147265.000,812.525787
5147275.000,808.287930
5147285.000,810.264115
5147295.000,818.408670
5147305.000,832.539260
5147315.000,852.356276
5147325.000,877.472005
5147335.000,907.443528
5147345.000,941.803831
5147355.000,980.087461
5147365.000,1021.849195
5147375.000,1066.675896
5147385.000,1114.192698
5147395.000,1164.064964
5147405.000,1215.997420
5147415.000,1269.731611
5147425.000,1325.042483
5147435.000,1381.734675
5147440.466,1413.245745

